,Reg_Score,intercept,features,weights,nn_forecast,reg_prob,regression_class,spreadsheet_data,local_data,accuracy
1,0.916399046752715,0.4607292980358172,"['concavity_conPts', 'conPts_fractal', 'concavity', 'smooth_conPts', 'perimeter', 'area', 'texture_sqrd', 'radius', 'conPts', 'symmetry_sqrd', 'concavity_sqrd', 'texture_concavity', 'texture', 'radius_sqrd']","[-0.0354308   0.00676099  0.25735907 -0.04399231  0.0971242   0.1125065
  0.02294014  0.0819772   0.20133953  0.03945048 -0.11132151 -0.06482894
  0.04656462  0.03848108]",0.0,0.0,0,"[0.543965983738113, 0.7130004670497342, -0.728123488143086, 0.7794736312568046, -0.24399986637696372, -0.26243061159888914, 0.2465543081710094, -0.1984077357379383, -0.7470792971194694, 0.015113354119620826, 0.5301638139856547, -0.36154414996586076, 0.49654235284717596, 0.03936562960065556]","[-0.19840774  0.49654235 -0.24399987 -0.26243061 -1.04336131 -0.84065951
 -0.72812349 -0.7470793  -0.12293638 -0.95438392]",0.8492462311557789
2,0.9487159919737924,0.34835150230228074,"['conPts', 'concavity', 'texture', 'perimeter', 'area', 'perimeter_sqrd', 'compact_sqrd', 'compact', 'texture_conPts', 'smooth_sqrd', 'symmetry_sqrd', 'radius_perimeter', 'area_sqrd', 'texture_fractal']","[ 0.25539735  0.18314591  0.17922293  0.09752896  0.09911929  0.06235089
  0.06084148 -0.07697997  0.08802385  0.0295013   0.03617039 -0.05036751
  0.06496393 -0.0461408 ]",0.0,0.0,0,"[-0.5309184037435096, -0.3944427782357895, -0.4235703902185169, -0.47505013533034623, -0.5513109532882688, 0.22567263107738028, 0.1930817789894391, 0.4394107178818458, 0.22488131544783047, 0.27070862969823456, 0.019793850627426245, 0.23814353782123465, 0.3039437672156198, -0.17629067589258224]","[-0.50130191 -0.42357039 -0.47505014 -0.55131095  0.52029667  0.43941072
 -0.39444278 -0.5309184  -0.14069062  0.4162016 ]",0.9045226130653267
