,observation,multi_class,feature,orgFeatValue,orgAiProb,actPerturbedFeatValue,AiProbWithActPerturbation,estPerturbedFeatValue,errorPerturbation,regProbWithActPerturbation,errorRegProbActPerturb,orgClass
0,1,N\A,radius,-0.1984077357379383,0.02262565866112709,2.4699376357055995,0.49999985098838806,2.3525334584565356,0.11740417724906393,0.53476512084945150,0.034765269861063437,0
1,1,N\A,area,-0.26243061159888914,0.02262565866112709,2.3824606863487237,0.49999985098838806,2.2160959577266097,0.16636472862211393,0.53204252628593551,0.032042675297547446,0
2,1,N\A,conPts,-0.7470792971194694,0.02262565866112709,0.6628672788656217,0.5000002980232239,0.7122206997216475,0.04935342085602579,0.48385523413625371,0.016145063886970169,0
