,Reg_Score,intercept,features,weights,nn_forecast,reg_prob,regression_class,spreadsheet_data,local_data,accuracy
3,0.9485355691116344,0.39312075579270467,"['area_conPts', 'texture_sqrd', 'smooth_concavity', 'fractal', 'perimeter', 'conPts', 'area', 'texture', 'texture_conPts', 'texture_concavity', 'area_fractal', 'perimeter_concavity', 'area_smooth', 'texture_fractal']","[-0.09124625 -0.02755478  0.09458496 -0.15950379  0.13438328  0.2374398
  0.20796769  0.2654113  -0.09125096 -0.07776198  0.05341659 -0.05033125
 -0.04960095  0.05472161]",0.9999444484710693,0.9999444484710693,1,"[2.339512069717067, 0.011003421787130393, 1.945404284351094, 0.36690981714999266, 1.5626964605292668, 1.43973567721047, 1.6249594330050499, -0.1048971962786918, -0.15102423592178194, -0.16091194634876987, 0.5962135684400386, 2.397171115498893, 2.060762694060324, -0.0384878111061617]","[ 1.55837845 -0.1048972   1.56269646  1.62495943  1.26819332  1.07584857
  1.53399664  1.43973568 -0.0945296   0.36690982]",1.0
