,Reg_Score,intercept,features,weights,nn_forecast,reg_prob,regression_class,spreadsheet_data,local_data,accuracy
2,0.9438765567535016,0.45164261768376074,"['conPts', 'texture', 'area', 'concavity', 'perimeter', 'fractal', 'texture_smooth', 'smooth', 'conPts_symmetry', 'radius_symmetry', 'smooth_concavity', 'texture_conPts', 'smooth_sqrd', 'concavity_conPts']","[ 0.34690625  0.19787876  0.18550035  0.13489963  0.11112532 -0.06338484
  0.08870242  0.13618977  0.07746183 -0.07918627  0.08298592  0.07546233
 -0.04098329  0.06126961]",0.002185831079259515,0.002185831079259515,0,"[-0.5309184037435096, -0.4235703902185169, -0.5513109532882688, -0.3944427782357895, -0.47505013533034623, 0.4162016041811496, -0.22038226552977874, 0.5202966746945771, 0.07469523952688327, 0.07052847595176046, -0.20522726587337178, 0.22488131544783047, 0.27070862969823456, 0.20941693018910051]","[-0.50130191 -0.42357039 -0.47505014 -0.55131095  0.52029667  0.43941072
 -0.39444278 -0.5309184  -0.14069062  0.4162016 ]",0.8777292576419214
