,Reg_Score,intercept,features,weights,nn_forecast,reg_prob,regression_class,spreadsheet_data,local_data,accuracy
1,0.9088179233042014,0.5244303818163578,"['smooth_conPts', 'area_concavity', 'radius', 'texture_sqrd', 'smooth_sqrd', 'conPts', 'area', 'smooth', 'texture_fractal', 'perimeter', 'concavity', 'radius_sqrd', 'smooth_concavity', 'radius_area']","[-0.0453533  -0.09765181  0.11384831  0.04428091 -0.06855417  0.2798057
  0.13260678  0.11661121 -0.14024266  0.08458696  0.14509862  0.04084116
  0.07808013  0.05597191]",0.022625645622611046,0.022625645622610935,0,"[0.7794736312568046, 0.19108189231290656, -0.1984077357379383, 0.2465543081710094, 1.0886028152174316, -0.7470792971194694, -0.26243061159888914, -1.0433613061722347, -0.47389203643451355, -0.24399986637696372, -0.728123488143086, 0.03936562960065556, 0.7596958736436539, 0.05206826343565792]","[-0.19840774  0.49654235 -0.24399987 -0.26243061 -1.04336131 -0.84065951
 -0.72812349 -0.7470793  -0.12293638 -0.95438392]",0.8034934497816594
