,Reg_Score,intercept,features,weights,nn_forecast,reg_prob,regression_class,spreadsheet_data,local_data,accuracy
1,0.9816563851443592,0.36412428301083355,"['BloodP', 'Skin', 'BMI', 'Pregnancy', 'Glucose', 'Insulin', 'DiabF', 'Age', 'Age_sqrd', 'Glucose_DiabF', 'Insulin_Age', 'BMI_sqrd', 'Glucose_Insulin', 'Glucose_sqrd']","[-0.00627467 -0.02815558  0.11823157 -0.01645506  0.28106738  0.00430203
  0.13613647  0.1236016  -0.05340839 -0.06006456  0.05459396 -0.03177715
 -0.03444654 -0.03296767]",0.92572420835495,0.92572420835495,1,"[1.0536774118456012, -0.9219921613993957, 0.5374749130712693, 0.9844625446735821, 1.968133577693623, 0.5080610260095298, 0.2762482313544494, 1.5723651892464985, 2.472332288354177, 0.5436934199071682, 0.7988574713102445, 0.2888792821809685, 0.9999319648068289, 3.8735497796451006]","[ 0.98446254  1.96813358  1.05367741 -0.92199216  0.50806103  0.53747491
  0.27624823  1.57236519]",1.0
