,observation,multi_class,feature,orgFeatValue,orgAiProb,actPerturbedFeatValue,AiProbWithActPerturbation,estPerturbedFeatValue,errorPerturbation,regProbWithActPerturbation,errorRegProbActPerturb,orgClass
0,2,N\A,texture,-0.4235703902185169,0.002185831079259515,1.970412049413144,0.5,2.0171020058422546,0.04668995642911056,0.49047683667246079,0.0095231633275392105,0
1,2,N\A,area,-0.5513109532882688,0.002185831079259515,2.2152955595575636,0.5000001788139343,2.1323183166850868,0.08297724287247688,0.51539230759705741,0.015392128783123080,0
2,2,N\A,conPts,-0.5309184037435096,0.002185831079259515,1.1637488113524714,0.49999839067459106,1.2477698400413892,0.08402102868891781,0.47648443524895892,0.023513955425632143,0
