,observation,multi_class,feature,orgFeatValue,orgAiProb,actPerturbedFeatValue,AiProbWithActPerturbation,estPerturbedFeatValue,errorPerturbation,regProbWithActPerturbation,errorRegProbActPerturb,orgClass
0,1,N\A,radius,-0.1984077357379383,0.022625645622611046,2.4699371116026567,0.4999997317790985,2.3525333871688385,0.11740372443381819,0.53476498823783706,0.034765256458738554,0
1,1,N\A,area,-0.26243061159888914,0.022625645622611046,2.382461470838478,0.5000000596046448,2.2160958017341907,0.1663656691042874,0.53204271031851564,0.032042650713870868,0
2,1,N\A,conPts,-0.7470792971194694,0.022625645622611046,0.6628672891541798,0.5000002384185791,0.7122206959507863,0.04935340679660649,0.48385523825276933,0.016145000165809768,0
